"Source","Destination","Relation"
"Company","description","""type of company"""
"Accenture","IT Services and IT Consulting","""type of company"""
"ACI","Construction","""type of company"""
"ACTIS","Financial Services","""type of company"""
"Adobe","Software Development","""type of company"""
"AEFA","Financial Services","""type of company"""
"Affinity","Business Consulting and Services","""type of company"""
"Altisource","Real Estate","""type of company"""
"Amazon","Technology, Information and Internet","""type of company"""
"Amdocs","Telecommunications","""type of company"""
"Aptara","Book and Periodical Publishing","""type of company"""
"Asurion","IT Services and IT Consulting","""type of company"""
"ATMT","Financial Services","""type of company"""
"BMC","Civil Engineering","""type of company"""
"Buzzle","IT Services and IT Consulting","""type of company"""
"Capgemini","IT Services and IT Consulting","""type of company"""
"CarPro","Truck Transportation","""type of company"""
"Celio","Retail","""type of company"""
"Cisco","Software Development","""type of company"""
"CREDIT-SUISSE","Banking","""type of company"""
"CRiMson","IT Services and IT Consulting","""type of company"""
"ECS","Business Consulting and Services","""type of company"""
"Elba","Non-profit Organizations","""type of company"""
"Enbridge","Oil and Gas","""type of company"""
"Episys","Software Development","""type of company"""
"EPRS","Medical Equipment Manufacturing","""type of company"""
"Ernst","Design Services","""type of company"""
"Falcon","Retail Office Equipment","""type of company"""
"FDCS","Transportation, Logistics, Supply Chain and Storage","""type of company"""
"Google","Technology, Information and Internet","""type of company"""
"GSI","Staffing and Recruiting","""type of company"""
"Harbinger","Technology, Information and Internet","""type of company"""
"HP","IT Services and IT Consulting","""type of company"""
"HSBC","Financial Services","""type of company"""
"Hydra","Advertising Services","""type of company"""
"I-Valuebridge","Software Development","""type of company"""
"IBM","IT Services and IT Consulting","""type of company"""
"Infoservices","IT Services and IT Consulting","""type of company"""
"Infosys","IT Services and IT Consulting","""type of company"""
"IRIS","Advertising Services","""type of company"""
"ISL","Software Development","""type of company"""
"JLT","Graphic Design","""type of company"""
"Kalpataru","Human Resources Services","""type of company"""
"Mccann","Advertising Services","""type of company"""
"Medline","Wellness and Fitness Services","""type of company"""
"Metadesign","Design Services","""type of company"""
"MetrixLine","IT Services and IT Consulting","""type of company"""
"Netezza","Computer Hardware Manufacturing","""type of company"""
"Nichetech","IT Services and IT Consulting","""type of company"""
"PMC","Business Consulting and Services","""type of company"""
"Quinstreet","Advertising Services","""type of company"""
"Radix","Software Development","""type of company"""
"Redigital","Advertising Services","""type of company"""
"Reliance","Oil and Gas","""type of company"""
"Samcom","Retail Office Equipment","""type of company"""
"SAOC","Hospitals and Health Care","""type of company"""
"Sapphire","IT Services and IT Consulting","""type of company"""
"SELA","Events Services","""type of company"""
"SensorLab","Non-profit Organizations","""type of company"""
"SES","Telecommunications","""type of company"""
"SherPaz","Human Resources Services","""type of company"""
"Siddhtech","IT Services and IT Consulting","""type of company"""
"Simplexity","Technology, Information and Internet","""type of company"""
"SITA","IT Services and IT Consulting","""type of company"""
"Sungrace","IT Services and IT Consulting","""type of company"""
"Symphony","Philanthropic Fundraising Services","""type of company"""
"Synechron","Financial Services","""type of company"""
"Synerzip","Software Development","""type of company"""
"Syntel","IT Services and IT Consulting","""type of company"""
"Tangoe","IT Services and IT Consulting","""type of company"""
"Technosys","Software Development","""type of company"""
"Teradata","IT Services and IT Consulting","""type of company"""
"Thales","IT Services and IT Consulting","""type of company"""
"TIE","Investment Banking","""type of company"""
"Tieto","IT Services and IT Consulting","""type of company"""
"Torrent","Advertising Services","""type of company"""
"Twitter","Technology, Information and Internet","""type of company"""
"Uniscan","Security and Investigations","""type of company"""
"Venetian","Accounting","""type of company"""
"Vodafone","Telecommunications","""type of company"""
"Wipro","IT Services and IT Consulting","""type of company"""
"Xchange","Venture Capital and Private Equity Principals","""type of company"""
"Xento","IT Services and IT Consulting","""type of company"""
"Xpanxion","IT Services and IT Consulting","""type of company"""
"XTPL","Nanotechnology Research","""type of company"""
"SQTL","IT Services and IT Consulting","""type of company"""
"Tresensa","Advertising Services","""type of company"""
"Codewalla","Software Development","""type of company"""
"Avaya","IT Services and IT Consulting","""type of company"""
"Xyratex","Computer Hardware Manufacturing","""type of company"""
"Webquest","Design Services","""type of company"""
"ESDS","IT Services and IT Consulting","""type of company"""
"AXA","Insurance","""type of company"""
"Siemens","Automation Machinery Manufacturing","""type of company"""
"Zensar","IT Services and IT Consulting","""type of company"""
"Fujitsu","IT Services and IT Consulting","""type of company"""
"Microsoft","Software Development","""type of company"""
"CREE","Semiconductor Manufacturing","""type of company"""
"EXFO","Telecommunications","""type of company"""
"Icertis","IT Services and IT Consulting","""type of company"""
"Fulcrum","Software Development","""type of company"""
"UTV","Entertainment Providers","""type of company"""
"ADP","Human Resources Services","""type of company"""
"e-touch","IT Services and IT Consulting","""type of company"""
"eTouch","Technology, Information and Internet","""type of company"""
"Tranter","Machinery Manufacturing","""type of company"""
"Regenersis","Consumer Services","""type of company"""
"micromax","IT Services and IT Consulting","""type of company"""
"CRISP","Education Administration Programs","""type of company"""
"Hexaware","IT Services and IT Consulting","""type of company"""
"HDFC","Financial Services","""type of company"""
"T-systems","IT Services and IT Consulting","""type of company"""
"ATG","Software Development","""type of company"""
"Endeca","Software Development","""type of company"""
"Nickelodeon","Broadcast Media Production and Distribution","""type of company"""
"Pfizer","Pharmaceutical Manufacturing","""type of company"""
"Abbott","Retail Health and Personal Care Products","""type of company"""
"BAL","Utilities","""type of company"""
"eNovate","Human Resources Services","""type of company"""
"Technosoft","IT Services and IT Consulting","""type of company"""
"Kinesis","Advertising Services","""type of company"""
"Clarice","Retail","""type of company"""
"Kmart","Retail","""type of company"""
"SUNGARD","IT Services and IT Consulting","""type of company"""
"SHI","Wholesale","""type of company"""
"TIBCO","Software Development","""type of company"""
"Roebuck","Market Harborough","""type of company"""
"SHLD","Civic and Social Organizations","""type of company"""
"Futurism","Online Audio and Video Media","""type of company"""
"KPMG","Accounting","""type of company"""
"Extentia","IT Services and IT Consulting","""type of company"""
"Mu-Sigma","Business Consulting and Services","""type of company"""
"Silicus","IT Services and IT Consulting","""type of company"""
"Sapient","IT Services and IT Consulting","""type of company"""
"Tangence","Advertising Services","""type of company"""
"Kenworth","Facilities Services","""type of company"""
"Juniper","Travel Arrangements","""type of company"""
"Morningstar","Financial Services","""type of company"""
"AnkTech","IT Services and IT Consulting","""type of company"""
"Agiliad","Software Development","""type of company"""
"Douc","Movies, Videos, and Sound","""type of company"""
"WITS","Computer Hardware Manufacturing","""type of company"""
"AudienceScience","Technology, Information and Internet","""type of company"""
"Pearson","Education","""type of company"""
"Rockwell","Truck Transportation","""type of company"""
"cognizant","IT Services and IT Consulting","""type of company"""
"TBI","Construction","""type of company"""
"Paradigm","Design Services","""type of company"""
"Electrica","Utilities","""type of company"""
"Mphasis","IT Services and IT Consulting","""type of company"""
"Clarion","Appliances, Electrical, and Electronics Manufacturing","""type of company"""
"Dynamisch","IT Services and IT Consulting","""type of company"""
"NEWGEN","Software Development","""type of company"""
"CitiusTech","IT Services and IT Consulting","""type of company"""
"Xoriant","IT Services and IT Consulting","""type of company"""
"Zobble","E-Learning Providers","""type of company"""
"L&T","Facilities Services","""type of company"""
"AXIS","Advertising Services","""type of company"""
"DataMetica","IT Services and IT Consulting","""type of company"""
"ATT","Telecommunications","""type of company"""
"EdgeVerve","Software Development","""type of company"""
"Crest","Appliances, Electrical, and Electronics Manufacturing","""type of company"""
"Prokarma","IT Services and IT Consulting","""type of company"""
"CredR","Motor Vehicle Manufacturing","""type of company"""
"LFG","IT Services and IT Consulting","""type of company"""
"GSB","IT Services and IT Consulting","""type of company"""
"RCB","Investment Banking","""type of company"""
"Telco","Telecommunications","""type of company"""
"Finicity","Financial Services","""type of company"""
"Infostretch","IT Services and IT Consulting","""type of company"""
"Equinix","Technology, Information and Internet","""type of company"""
"Pte","Oil and Gas","""type of company"""
"Sashay","Retail Apparel and Fashion","""type of company"""
"groupon","Technology, Information and Internet","""type of company"""
"NDTV","Broadcast Media Production and Distribution","""type of company"""
"Yahoo","Technology, Information and Internet","""type of company"""
"PwC","Professional Services","""type of company"""
"EDS","Hospitals and Health Care","""type of company"""
"Addteq","IT Services and IT Consulting","""type of company"""
"ATLAS","Technology, Information and Internet","""type of company"""
"Philips","Hospitals and Health Care","""type of company"""
"I2DS","IT Services and IT Consulting","""type of company"""
"Timex","Wholesale Import and Export","""type of company"""
"globant","IT Services and IT Consulting","""type of company"""
"Tavisca","IT Services and IT Consulting","""type of company"""
"GS-Lab","Software Development","""type of company"""
"Pubmatic","Technology, Information and Internet","""type of company"""
"Cuelogic","Consumer Services","""type of company"""
"GENWI","Technology, Information and Internet","""type of company"""
"Valuelabs","IT Services and IT Consulting","""type of company"""
"NIC","Human Resources Services","""type of company"""
"BSNL","Telecommunications","""type of company"""
"PGCL","Business Consulting and Services","""type of company"""
"UpGrad","Higher Education","""type of company"""
"Convergence","IT Services and IT Consulting","""type of company"""
"Gartner","Information Services","""type of company"""
"Forrester","Veterinary Services","""type of company"""
"Cybage","IT Services and IT Consulting","""type of company"""
"IMPETUS","IT Services and IT Consulting","""type of company"""
"IBN","Broadcast Media Production and Distribution","""type of company"""
"Neosoft","IT Services and IT Consulting","""type of company"""
"LUKUP","Online Audio and Video Media","""type of company"""
"SEI","Financial Services","""type of company"""
"VSNL","Civic and Social Organizations","""type of company"""
"Infologic","Software Development","""type of company"""
"NeoAccel","IT Services and IT Consulting","""type of company"""
"Knexus","Technology, Information and Internet","""type of company"""
"Mitratech","Software Development","""type of company"""
"Responsys","Software Development","""type of company"""
"Northgate","Transportation, Logistics, Supply Chain and Storage","""type of company"""
"Exa","Advertising Services","""type of company"""
"LearningMate","E-Learning Providers","""type of company"""
"Elsevier","IT Services and IT Consulting","""type of company"""
"Reed","Staffing and Recruiting","""type of company"""
"Extramarks","E-Learning Providers","""type of company"""
"Saama","Business Consulting and Services","""type of company"""
"Concepto","Software Development","""type of company"""
"Versa","Entertainment Providers","""type of company"""
"EMC","Business Consulting and Services","""type of company"""
"Lucid","Pharmaceutical Manufacturing","""type of company"""
"ESI","Education Administration Programs","""type of company"""
"Definitics","Consumer Services","""type of company"""
"Magic","Technology, Information and Internet","""type of company"""
"EBix","Software Development","""type of company"""
"Unilever","Manufacturing","""type of company"""
"Tecsol","Environmental Services","""type of company"""
"Dreeme","Technology, Information and Internet","""type of company"""
"Wiltech","Business Consulting and Services","""type of company"""
"Nesote","Software Development","""type of company"""
"MasterCard","IT Services and IT Consulting","""type of company"""
"Artech","Food and Beverage Manufacturing","""type of company"""
"STPL","IT Services and IT Consulting","""type of company"""
"ACIworldwide","Financial Services","""type of company"""
"Interdin","Financial Services","""type of company"""
"INC","Software Development","""type of company"""
"Basware","IT Services and IT Consulting","""type of company"""
"InnoData","IT Services and IT Consulting","""type of company"""
"Cloudmoyo","IT Services and IT Consulting","""type of company"""
"AbbVie","Pharmaceutical Manufacturing","""type of company"""
"IDC","Market Research","""type of company"""
"WIPO","International Affairs","""type of company"""
"Cablevision","Telecommunications","""type of company"""
"D-Mart","Insurance","""type of company"""
"ForgeAhead","IT Services and IT Consulting","""type of company"""
"Verizon","IT Services and IT Consulting","""type of company"""
"BNYM","Retail","""type of company"""
"UBER","Advertising Services","""type of company"""
"TravelGuru","Travel Arrangements","""type of company"""
"SAS","Software Development","""type of company"""
"Sworx18","Technology, Information and Internet","""type of company"""
"Seagate","Entertainment Providers","""type of company"""
"Jawbone","Wellness and Fitness Services","""type of company"""
"Sunlife","Renewable Energy Semiconductor Manufacturing","""type of company"""
"Astute","Financial Services","""type of company"""
"CITYCELL","Telecommunications","""type of company"""
"Searce","Market Research","""type of company"""
"Feecounter","IT Services and IT Consulting","""type of company"""
"iPay","IT Services and IT Consulting","""type of company"""
"OPUS","Software Development","""type of company"""
"Spigit","Software Development","""type of company"""
"DRDO","Airlines and Aviation","""type of company"""
"Symantec","Software Development","""type of company"""
"ONGC","Oil and Gas","""type of company"""
"SIGMA-ALDRICH","Biotechnology Research","""type of company"""
"UNESCO","International Affairs","""type of company"""
"Videocon","Advertising Services","""type of company"""
"Euronet","Technology, Information and Internet","""type of company"""
"Hungama","Entertainment Providers","""type of company"""
"Airtel","Telecommunications","""type of company"""
"Zarafa","IT Services and IT Consulting","""type of company"""
"iCrossing","Advertising Services","""type of company"""
"MediaCom","Advertising Services","""type of company"""
"Marlboro","Tobacco Manufacturing","""type of company"""
"NETTECH","Computer Networking Products","""type of company"""
"ONEIC","Investment Management","""type of company"""
"TechM","IT Services","""type of company"""
"MILAGRO","IT Services and IT Consulting","""type of company"""
"Technix","Human Resources Services","""type of company"""
"JetSynthesys","IT Services and IT Consulting","""type of company"""
"zimbra","Software Development","""type of company"""
"Nordstrom","Retail","""type of company"""
"Infobeans","IT Services and IT Consulting","""type of company"""
"MediaOcean","Software Development","""type of company"""
"APTECH","Education Administration Programs","""type of company"""
"IPSOS","Market Research","""type of company"""
"Aetna","Wellness and Fitness Services","""type of company"""
"NEC","IT Services and IT Consulting","""type of company"""
"JACADA","Software Development","""type of company"""
"Unisys","IT Services and IT Consulting","""type of company"""
"KARVY","Financial Services","""type of company"""
"PepsiCo","Food and Beverage Services","""type of company"""
"WellPoint","Insurance","""type of company"""
"Anthem","Insurance","""type of company"""
"Fiserv","IT Services and IT Consulting","""type of company"""
"MindProSoft","IT Services and IT Consulting","""type of company"""
"Creospan","IT Services and IT Consulting","""type of company"""
"Serene","Hospitality","""type of company"""
"Magna","Advertising Services","""type of company"""
"FIS","IT Services and IT Consulting","""type of company"""
"CGI","IT Services and IT Consulting","""type of company"""
"SumaSoft","Accounting","""type of company"""
"HGST","Architecture and Planning","""type of company"""
"Delmon","Retail","""type of company"""
"IGB","Asperg, Baden-W��rttemberg","""type of company"""
"Saint-Gobain","Wholesale Building Materials","""type of company"""
"Aptify","Software Development","""type of company"""
"Linkedin","Technology, Information and Internet","""type of company"""
"Qualcomm","Wireless Services","""type of company"""
"Virtusa","IT Services and IT Consulting","""type of company"""
"SingTel","Telecommunications","""type of company"""
"Innoplexus","IT Services and IT Consulting","""type of company"""
"Saba","Software Development","""type of company"""
"Click2Mail","Advertising Services","""type of company"""
"HCS","Human Resources Services","""type of company"""
"Delloite","Audit ,Consulting and Financial Advisory,Tax Services","""type of company"""
"R-interactive","Advertising services","""type of company"""
"HAPPIESTMINDS","IT Services and IT Consulting","""type of company"""
"Metalogix","Medical Equipment Manufacturing","""type of company"""
"McGraw-Hill","Consumer Services","""type of company"""
"Leantaas","Technology, Information and Internet","""type of company"""
"SuperValu","Wholesale","""type of company"""
"Telephonica","Telecommunications","""type of company"""
"MTN","Telecommunications","""type of company"""
"GE","Industrial Machinery Manufacturing","""type of company"""
"DELL","IT Services and IT Consulting","""type of company"""
"AJG","Security and Investigations","""type of company"""
"Allianz","Financial Services","""type of company"""
"AGCS","IT Services and IT Consulting","""type of company"""
"OSSCube","Software Development","""type of company"""
"Genpact","IT Services and IT Consulting","""type of company"""
"eBay","Technology, Information and Internet","""type of company"""
"lagnam","IT Services and IT Consulting","""type of company"""
"Nvidia","Computer Hardware Manufacturing","""type of company"""
"Talentica","Software Development","""type of company"""
"Wcities","Technology, Information and Internet","""type of company"""
"MMC","Executive Offices","""type of company"""
"Tikit","IT Services and IT Consulting","""type of company"""
"Emirates","Airlines and Aviation","""type of company"""
"Toyota","Motor Vehicle Manufacturing","""type of company"""
"DBS","IT Services and IT Consulting","""type of company"""
"Nedbank","Financial Services","""type of company"""
"Fedex","Freight and Package Transportation","""type of company"""
"Aricent","Software Development","""type of company"""
"ABB","Appliances, Electrical, and Electronics Manufacturing","""type of company"""
"Loylogic","Advertising Services","""type of company"""
"PTC","Software Development","""type of company"""
"UGB","Higher Education","""type of company"""
"METRICSTREAM","Software Development","""type of company"""
"Puda","Construction","""type of company"""
"Enexion","Utilities","""type of company"""
"Rexel","Wholesale","""type of company"""
"Renault","Motor Vehicle Manufacturing","""type of company"""
"Nokia","Telecommunications","""type of company"""
"3DPLM","IT Services and IT Consulting","""type of company"""
"Pegasus","Entertainment Providers","""type of company"""
"Datamatics","IT Services and IT Consulting","""type of company"""
"EY","Accounting","""type of company"""
"Emerson","Industrial Machinery Manufacturing","""type of company"""
"Weblabz","IT Services and IT Consulting","""type of company"""
"Zymr","IT Services and IT Consulting","""type of company"""
"Harman","Food and Beverage Manufacturing","""type of company"""
"Dealertrack","Software Development","""type of company"""
"Spintel","Telecommunications","""type of company"""
"InfoSolutions","Software Development","""type of company"""
"Headstrong","IT Services and IT Consulting","""type of company"""
"Markit","Information Services","""type of company"""
"MGL","Construction","""type of company"""
"PROVAB","IT Services and IT Consulting","""type of company"""
"Neotel","Appliances, Electrical, and Electronics Manufacturing","""type of company"""
"Invensys","Automation Machinery Manufacturing","""type of company"""
"Knowledgent","IT Services and IT Consulting","""type of company"""
"CommonApp","Higher Education","""type of company"""
"Electrolux","Manufacturing","""type of company"""
"3i-Infotech","IT Services and IT Consulting","""type of company"""
"A&E","Retail Apparel and Fashion","""type of company"""
"AACC","Financial Services","""type of company"""
"AAO","Retail","""type of company"""
"Aarna","Retail Apparel and Fashion","""type of company"""
"ABBACUS","Architecture and Planning","""type of company"""
"Abbot","Human Resources Services","""type of company"""
"ABFM","Non-profit Organizations","""type of company"""
"ABG","Legal Services","""type of company"""
"Abhibus","Travel Arrangements","""type of company"""
"ABI","Business Consulting and Services","""type of company"""
"ABJAYON","Software Development","""type of company"""
"ABM","Industrial Machinery Manufacturing","""type of company"""
"Absa","Financial Services","""type of company"""
"Acacia","IT Services and IT Consulting","""type of company"""
"Acadia","Technology, Information and Internet","""type of company"""
"ACAR","IT Services and IT Consulting","""type of company"""
"ACC","Advertising Services","""type of company"""
"ACCEDE","Technology, Information and Internet","""type of company"""
"Accelya","IT Services and IT Consulting","""type of company"""
"Accenture","IT Services and IT Consulting","""type of company"""
"AccionLabs","IT Services and IT Consulting","""type of company"""
"Acclivis","E-Learning Providers","""type of company"""
"ACES","Staffing and Recruiting","""type of company"""
"Acespritech","IT Services and IT Consulting","""type of company"""
"Aclara","Utilities","""type of company"""
"ACMA","Government Administration","""type of company"""
"ACORD","Insurance","""type of company"""
"ACS","Spectator Sports","""type of company"""
"Acthar","Human Resources Services","""type of company"""
"Acumen","IT Services and IT Consulting","""type of company"""
"Adamas","Education Administration Programs","""type of company"""
"Adams","Advertising Services","""type of company"""
"ADARA","Computers and Electronics Manufacturing","""type of company"""
"ADBC","Events Services","""type of company"""
"ADC","Telecommunications","""type of company"""
"Addictive","Advertising Services","""type of company"""
"ADDR","Technology, Information and Internet","""type of company"""
"Adeptpros","IT Services and IT Consulting","""type of company"""
"Adform","IT Services and IT Consulting","""type of company"""
"Adhyapana","E-Learning Providers","""type of company"""
"ADIDAS","Sporting Goods Manufacturing","""type of company"""
"AdiNav","IT Services and IT Consulting","""type of company"""
"ADIS","Technology, Information and Internet","""type of company"""
"AdityaInfoTech","IT Services and IT Consulting","""type of company"""
"ADNOC","Oil and Gas","""type of company"""
"Adnovum","IT Services and IT Consulting","""type of company"""
"ADVA","Computer Games","""type of company"""
"Advantage","Staffing and Recruiting","""type of company"""
"AdvantMed","Hospitals and Health Care","""type of company"""
"Advertisement","Advertising Services","""type of company"""
"AdviCare","Financial Services","""type of company"""
"AEC","IT Services and IT Consulting","""type of company"""
"Aegis","Business Consulting and Services","""type of company"""
"AEIC","Business Consulting and Services","""type of company"""
"AEPL","IT Services and IT Consulting","""type of company"""
"Aequor","Education Administration Programs","""type of company"""
"aero","Aviation and Aerospace Component Manufacturing","""type of company"""
"AEW","Sutton Coldfield","""type of company"""
"Affinion","Advertising Services","""type of company"""
"Affle","Technology, Information and Internet","""type of company"""
"Affluent","Technology, Information and Internet","""type of company"""
"Afras","Design Services","""type of company"""
"AFTEK","Outsourcing and Offshoring Consulting","""type of company"""
"Ageas","Insurance","""type of company"""
"AgileNova","IT Services and IT Consulting","""type of company"""
"Agilent","Technology, Information and Internet","""type of company"""
"AgilePoint","Software Development","""type of company"""
"AGILITY","Transportation, Logistics, Supply Chain and Storage","""type of company"""
"Agilon","Software Development","""type of company"""
"AGL","Utilities","""type of company"""
"Agriot","Wireless Services","""type of company"""
"Ahead","Human Resources Services","""type of company"""
"Aheadworks","IT Services and IT Consulting","""type of company"""
"AHQ","Retail","""type of company"""
"AIA","Insurance","""type of company"""
"AIC","IT Services and IT Consulting","""type of company"""
"AIKON","IT Services and IT Consulting","""type of company"""
"Aimbeyond","IT Services and IT Consulting","""type of company"""
"AINS","IT Services and IT Consulting","""type of company"""
"Aiolos","Heist-op-den-Berg","""type of company"""
"AirAsia","Airlines and Aviation","""type of company"""
"AirBnb","Technology, Information and Internet","""type of company"""
"Airbus","Aviation and Aerospace Component Manufacturing","""type of company"""
"Aircel","Telecommunications","""type of company"""
"AIS","IT Services and IT Consulting","""type of company"""
"AISPs","Medical Practices","""type of company"""
"AISS","Non-profit Organizations","""type of company"""
"Aithent","Software Development","""type of company"""
"Ajani","Restaurants","""type of company"""
"Akal","IT Services and IT Consulting","""type of company"""
"Akari","Manufacturing","""type of company"""
"Akums","Pharmaceutical Manufacturing","""type of company"""
"Alacer","Manufacturing","""type of company"""
"ALB","IT Services and IT Consulting","""type of company"""
"Albatross","IT Services and IT Consulting","""type of company"""
"Alchemy","Advertising Services","""type of company"""
"Alcon","Medical Equipment Manufacturing","""type of company"""
"Alepo","Telecommunications","""type of company"""
"Alexion","Real Estate","""type of company"""
"ALFA","Telecommunications","""type of company"""
"AlgoAnalytics","IT Services and IT Consulting","""type of company"""
"Algoanalytics","IT Services and IT Consulting","""type of company"""
"Algoworks","IT Services and IT Consulting","""type of company"""
"Alicon","IT Services and IT Consulting","""type of company"""
"Alight","Software Development","""type of company"""
"Alivenet","Advertising Services","""type of company"""
"alivenetsolution","IT Services and IT Consulting","""type of company"""
"allaboutlaptops","Peckham","""type of company"""
"Allconnect","Technology, Information and Internet","""type of company"""
"Allscripts","Software Development","""type of company"""
"AllState","Insurance","""type of company"""
"Almana","Wavre","""type of company"""
"Alphawest","IT Services and IT Consulting","""type of company"""
"ALT","Graphic Design","""type of company"""
"Alteryx","IT Services and IT Consulting","""type of company"""
"Altimetrik","Software Development","""type of company"""
"Altiris","Software Development","""type of company"""
"Altius","Law Practice","""type of company"""
"Altova","Software Development","""type of company"""
"Altran","IT Services and IT Consulting","""type of company"""
"Amadeus","IT Services and IT Consulting","""type of company"""
"Amaze","Human Resources Services","""type of company"""
"Ambient","Graphic Design","""type of company"""
"Ambrosial","Civic and Social Organizations","""type of company"""
"AMC","Hospitals and Health Care","""type of company"""
"AMD","Semiconductor Manufacturing","""type of company"""
"Amdocs","Telecommunications","""type of company"""
"Amazon","Technology ,Retail,Media","""type of company"""
"Amex","Hospitals and Health Care","""type of company"""
"Amgen","Biotechnology Research","""type of company"""
"Amiga","Software Development","""type of company"""
"Amiworks","IT Services and IT Consulting","""type of company"""
"AMK","IT Services and IT Consulting","""type of company"""
"Amone","Financial Services","""type of company"""
"AMSS","Construction","""type of company"""
"AMT","Telecommunications","""type of company"""
"Amura","IT Services and IT Consulting","""type of company"""
"Amway","Manufacturing","""type of company"""
"ANALOG","Technology, Information and Internet","""type of company"""
"ANALOG","Technology, Information and Internet","""type of company"""
"Anaqua","Software Development","""type of company"""
"ANAQUA","Software Development","""type of company"""
"Anesthesia","Braine-l'Alleud","""type of company"""
"Anibrain","Movies, Videos, and Sound","""type of company"""
"ANIMOTIONSZ","Design Services","""type of company"""
"Anka","IT Services and IT Consulting","""type of company"""
"ANNOVA","Advertising Services","""type of company"""
"ANR","Government Administration","""type of company"""
"ANSR","Computers and Electronics Manufacturing","""type of company"""
"Antasoft","IT Services and IT Consulting","""type of company"""
"Antifragile","Business Consulting and Services","""type of company"""
"Anutham","Consumer Services","""type of company"""
"AnyLinuxwork","IT Services and IT Consulting","""type of company"""
"ANZ","Banking","""type of company"""
"Aon","Financial Services","""type of company"""
"Apar","Advertising Services","""type of company"""
"Aperto","Medical Equipment Manufacturing","""type of company"""
"Apna","Non-profit Organizations","""type of company"""
"AppCloud","Facilities Services","""type of company"""
"AppDirect","IT Services and IT Consulting","""type of company"""
"Appeal","Computer Games","""type of company"""
"APPIC","Software Development","""type of company"""
"Appnexus","Technology, Information and Internet","""type of company"""
"APPNINGS","IT Services and IT Consulting","""type of company"""
"Appon","Strategic Management Services","""type of company"""
"Apprisia","IT Services and IT Consulting","""type of company"""
"Approutes","Technology, Information and Internet","""type of company"""
"Appsolute","IT Services and IT Consulting","""type of company"""
"Appsplanet","Consumer Services","""type of company"""
"AppsWorld","Strategic Management Services","""type of company"""
"Apptix","IT Services and IT Consulting","""type of company"""
"APRG","Human Resources Services","""type of company"""
"APSAC","Paris, �ledefrance","""type of company"""
"aptlogica","IT Services and IT Consulting","""type of company"""
"Aptron","Software Development","""type of company"""
"Aqua","Software Development","""type of company"""
"Aramark","Hospitality","""type of company"""
"Aramco","Oil and Gas","""type of company"""
"Aramex","Transportation, Logistics, Supply Chain and Storage","""type of company"""
"Arctern","IT Services and IT Consulting","""type of company"""
"Arden","Birmingham","""type of company"""
"Ardent","Banking","""type of company"""
"Aress","London","""type of company"""
"ARESS","London","""type of company"""
"Arezzo","Lede","""type of company"""
"Argo","Software Development","""type of company"""
"Argyle","IT Services and IT Consulting","""type of company"""
"Arich","IT Services and IT Consulting","""type of company"""
"Arinex","Architecture and Planning","""type of company"""
"Arista","Wellness and Fitness Services","""type of company"""
"Armais","Business Consulting and Services","""type of company"""
"Arqiva","Telecommunications","""type of company"""
"Arris","Telecommunications","""type of company"""
"ARSYS","Investment Banking","""type of company"""
"Art","Artists and Writers","""type of company"""
"Artisan","Staffing and Recruiting","""type of company"""
"Arvato","Outsourcing and Offshoring Consulting","""type of company"""
"Arxxus","IT Services and IT Consulting","""type of company"""
"ASC","Mining","""type of company"""
"Ascendas","Real Estate","""type of company"""
"ASCENDUM","Machinery Manufacturing","""type of company"""
"Ashapura","Construction","""type of company"""
"Ashtech","Appliances, Electrical, and Electronics Manufacturing","""type of company"""
"Asit","Non-profit Organizations","""type of company"""
"Assent","Grobbendonk","""type of company"""
"Assetsoft","IT Services and IT Consulting","""type of company"""
"Assicurazioni","IT Services and IT Consulting","""type of company"""
"Assiduz","IT Services and IT Consulting","""type of company"""
"Assurant","Insurance","""type of company"""
"AssureCare","Insurance","""type of company"""
"Aster","Telecommunications","""type of company"""
"AstraZeneca","Pharmaceutical Manufacturing","""type of company"""
"Astri","IT Services and IT Consulting","""type of company"""
"ATCS","Legal Services","""type of company"""
"ATH","Travel Arrangements","""type of company"""
"Athenahealth","IT Services and IT Consulting","""type of company"""
"Athletenetwork","Software Development","""type of company"""
"Athpro","Food and Beverage Services","""type of company"""
"Atlantis","Advertising Services","""type of company"""
"Atlassian","Software Development","""type of company"""
"atos","IT Services and IT Consulting","""type of company"""
"ATT","Telecommunications","""type of company"""
"Attagis","Technology, Information and Media","""type of company"""
"ATZ","Public Relations and Communications Services","""type of company"""
"Augmentastic","IT Services and IT Consulting","""type of company"""
"Augusoft","Higher Education","""type of company"""
"Aumtech","Public Policy Offices","""type of company"""
"Aureus","Travel Arrangements","""type of company"""
"Aurigo","Software Development","""type of company"""
"Aurochs","Software Development","""type of company"""
"Austere","Furniture and Home Furnishings Manufacturing","""type of company"""
"Authorcafe","Writing and Editing","""type of company"""
"AutoData","Motor Vehicle Manufacturing","""type of company"""
"Autodesk","Software Development","""type of company"""
"AutoFlow","Motor Vehicle Manufacturing","""type of company"""
"Autogen","Machinery Manufacturing","""type of company"""
"AUTOLIV","Motor Vehicle Manufacturing","""type of company"""
"AUTONATION","Motor Vehicle Manufacturing","""type of company"""
"AUTORENt","Motor Vehicle Manufacturing","""type of company"""
"Autovista","Motor Vehicle Manufacturing","""type of company"""
"Avaamo","Software Development","""type of company"""
"Avalara","Software Development","""type of company"""
"Avanade","IT Services and IT Consulting","""type of company"""
"Avance","Advertising Services","""type of company"""
"Avante","Professional Training and Coaching","""type of company"""
"Avend","Events Services","""type of company"""
"Avenir","IT Services and IT Consulting","""type of company"""
"Aventri","Software Development","""type of company"""
"avenues","Human Resources Services","""type of company"""
"Avery","Packaging and Containers Manufacturing","""type of company"""
"Avida","Media Production","""type of company"""
"Avios","Airlines and Aviation","""type of company"""
"Avis","Motor Vehicle Manufacturing","""type of company"""
"AVRS","Motor Vehicle Manufacturing","""type of company"""
"Avuity","Technology, Information and Internet","""type of company"""
"Avvas","Maritime Transportation","""type of company"""
"Axenon","IT Services and IT Consulting","""type of company"""
"Axiom","Advertising Services","""type of company"""
"Axioms","Market Research and Consulting","""type of company"""
"Axion","Staffing and Recruiting","""type of company"""
"AxWay","Software Development","""type of company"""
"Ayala","Furniture and Home Furnishings Manufacturing","""type of company"""
"Ayanworks","IT Services and IT Consulting","""type of company"""
"AYS","Advertising Services","""type of company"""
"AzD","Railroad Equipment Manufacturing","""type of company"""
"Aztecsoft","Software Development","""type of company"""
"Azul","Media Production","""type of company"""
"B&Q","Retail","""type of company"""
"BAAN","Software Development","""type of company"""
"BACI","Bolton","""type of company"""
"BackBase","Financial Services","""type of company"""
"Baer","Advertising Services","""type of company"""
"Balasai","Technology, Information and Internet","""type of company"""
"Baliga","Medical Practices","""type of company"""
"BAML","Banking","""type of company"""
"Banc","Financial Services","""type of company"""
"Bancorp","Advertising Services","""type of company"""
"Banctec","IT Services and IT Consulting","""type of company"""
"Barclaycard","Financial Services","""type of company"""
"Barracuda","Advertising Services","""type of company"""
"BASEAPP","IT Services and IT Consulting","""type of company"""
"Bausch","Pfaffenhofen an der Roth, Bavaria","""type of company"""
"Baxture","IT Services and IT Consulting","""type of company"""
"Bazaar","Restaurants","""type of company"""
"BBC","Broadcast Media Production and Distribution","""type of company"""
"BBI","Events Services","""type of company"""
"BCC","IT Services and IT Consulting","""type of company"""
"BeachBody","Wellness and Fitness Services","""type of company"""
"Beat","IT Services and IT Consulting","""type of company"""
"BEC","IT Services and IT Consulting","""type of company"""
"Bechtel","Construction","""type of company"""
"Bees","Retail","""type of company"""
"Benjamin","Obersch�negg, Bavaria","""type of company"""
"BENZ","Motor Vehicle Manufacturing","""type of company"""
"Benz","Motor Vehicle Manufacturing","""type of company"""
"Beqisoft","IT Services and IT Consulting","""type of company"""
"Berhampore","Retail","""type of company"""
"BGV","Real Estate","""type of company"""
"BharatAgri","Farming","""type of company"""
"Bharti","Personal Care Product Manufacturing","""type of company"""
"BIAL","Pharmaceutical Manufacturing","""type of company"""
"Bicubic","Kelmscott, WA","""type of company"""
"BigDeal","Technology, Information and Internet","""type of company"""
"BigM","Events Services","""type of company"""
"BigRock","Technology, Information and Internet","""type of company"""
"Bikedekho","Motor Vehicle Manufacturing","""type of company"""
"Billionhands","Technology, Information and Internet","""type of company"""
"Binarybridge","IT Services and IT Consulting","""type of company"""
"BIOVIA","Software Development","""type of company"""
"Biproxi","Real Estate","""type of company"""
"Birlasoft","IT Services and IT Consulting","""type of company"""
"Bis","Banking","""type of company"""
"Bitcode","E-Learning Providers","""type of company"""
"bitcode","E-Learning Providers","""type of company"""
"Bitsolve","IT Services and IT Consulting","""type of company"""
"Bitworld","GROOTFONTEIN, Gauteng","""type of company"""
"BitWorld","GROOTFONTEIN, Gauteng","""type of company"""
"Bizagi","Software Development","""type of company"""
"Bizdom","Education Administration Programs","""type of company"""
"BizGraph","Software Development","""type of company"""
"Biznet","Telecommunications","""type of company"""
"Bizongo","Internet Marketplace Platforms","""type of company"""
"BizSecure","Computer and Network Security","""type of company"""
"Bizsense","Financial Services","""type of company"""
"Bizsol","IT Services and IT Consulting","""type of company"""
"Bizspark","Business Consulting and Services","""type of company"""
"Biztruss","IT Services and IT Consulting","""type of company"""
"Blackrock","Financial Services","""type of company"""
"BLG","Entertainment Providers","""type of company"""
"Bloom","Staffing and Recruiting","""type of company"""
"Bloomberg","Online Audio and Video Media","""type of company"""
"Bloomingdales","Retail","""type of company"""
"Blowhorn","Transportation, Logistics, Supply Chain and Storage","""type of company"""
"BlueApple","Advertising Services","""type of company"""
"Bluecoat","IT Services and IT Consulting","""type of company"""
"Bluecrest","IT Services and IT Consulting","""type of company"""
"BlueDart","Transportation, Logistics, Supply Chain and Storage","""type of company"""
"Bluefin","Insurance","""type of company"""
"Bluemark","Manufacturing","""type of company"""
"BLUENOVA","IT Services and IT Consulting","""type of company"""
"Blueplanet","Renewable Energy Semiconductor Manufacturing","""type of company"""
"BlueStar","Technology, Information and Internet","""type of company"""
"BLUESTONE","IT Services and IT Consulting","""type of company"""
"Bluetech","Computer Networking Products","""type of company"""
"BMO","Human Resources Services","""type of company"""
"BMR","Accounting","""type of company"""
"BMSOFTWARE","Software Development","""type of company"""
"BMW","Motor Vehicle Manufacturing","""type of company"""
"BNSF","Technology, Information and Internet","""type of company"""
"BNY ","Wholesale Import and Export","""type of company"""
"BoatUS","Insurance","""type of company"""
"Bocada","Software Development","""type of company"""
"Bodhtree","IT Services and IT Consulting","""type of company"""
"Boeing","Aviation and Aerospace Component Manufacturing","""type of company"""
"Boeing","Aviation and Aerospace Component Manufacturing","""type of company"""
"BookAProp","Real Estate","""type of company"""
"BOQ","Construction","""type of company"""
"BorgWarner","Motor Vehicle Manufacturing","""type of company"""
"Bosch","Technology, Information and Internet","""type of company"""
"Boston","Retail Apparel and Fashion","""type of company"""
"Bostonbyte","IT Services and IT Consulting","""type of company"""
"Boyce","Design Services","""type of company"""
"BP","Oil and Gas","""type of company"""
"BPS","Construction","""type of company"""
"Brainbees","Appliances, Electrical, and Electronics Manufacturing","""type of company"""
"Brainbench","Technology, Information and Internet","""type of company"""
"BrainStorm","Advertising Services","""type of company"""
"BRAKES","Food and Beverage Services","""type of company"""
"Brandix","Retail Apparel and Fashion","""type of company"""
"Bridgestone","Motor Vehicle Manufacturing","""type of company"""
"Bridgewater","Financial Services","""type of company"""
"Brightcove","Online Audio and Video Media","""type of company"""
"Brillio","IT Services and IT Consulting","""type of company"""
"Brillsense","IT Services and IT Consulting","""type of company"""
"Bristlecone","IT Services and IT Consulting","""type of company"""
"Brit","Advertising Services","""type of company"""
"Brittania","Wholesale","""type of company"""
"Broadcom","Semiconductor Manufacturing","""type of company"""
"Broadridge","Financial Services","""type of company"""
"BRU","Food and Beverage Services","""type of company"""
"Bruviti","Software Development","""type of company"""
"BSI","International Trade and Development","""type of company"""
"BSL","IT Services and IT Consulting","""type of company"""
"BTP","Industrial Machinery Manufacturing","""type of company"""
"Buchanan","Real Estate","""type of company"""
"BuddyCRM","Software Development","""type of company"""
"Bulls","Construction","""type of company"""
"Bundesbank","Financial Services","""type of company"""
"BUPA","Hospitals and Health Care","""type of company"""
"Burberry","Retail Luxury Goods and Jewelry","""type of company"""
"Burckhardt","Landau, Landau in der Pfalz","""type of company"""
"Busters","Vancouver","""type of company"""
"Busybees","Education Administration Programs","""type of company"""
"BVG","Chippenham","""type of company"""
"Byjus","E-Learning Providers","""type of company"""
"Bynry","Mobile Computing Software Products","""type of company"""
"Byte","Personal Care Product Manufacturing","""type of company"""
"bytes","Technology, Information and Internet","""type of company"""
"Byzan","Translation and Localization","""type of company"""
"Cables","Industrial Machinery Manufacturing","""type of company"""
"Caceis","Banking","""type of company"""
"CAG","Investment Banking","""type of company"""
"Cairn","Professional Training and Coaching","""type of company"""
"CALisa","Furniture and Home Furnishings Manufacturing","""type of company"""
"Callidus","IT Services and IT Consulting","""type of company"""
"CALPERS","Government Administration","""type of company"""
"Calsoft","Software Development","""type of company"""
"CamApp","Mobile Computing Software Products","""type of company"""
"CAMLIN","Manufacturing","""type of company"""
"campers","Retail Apparel and Fashion","""type of company"""
"Canara","Saint-Josse-ten-Noode","""type of company"""
"Candor","Computer Networking Products","""type of company"""
"Canopi","Technology, Information and Internet","""type of company"""
"Canopus","Architecture and Planning","""type of company"""
"CantaHealth","Advertising Services","""type of company"""
"Cantor","Software Development","""type of company"""
"Capco","Financial Services","""type of company"""
"Capgemini","IT Services and IT Consulting","""type of company"""
"Capita","IT Services and IT Consulting","""type of company"""
"Capmatrix","Human Resources Services","""type of company"""
"Capreit","Real Estate","""type of company"""
"Capsilon","Software Development","""type of company"""
"CAPSTONE","Internet Publishing","""type of company"""
"Cardekho","Internet Publishing","""type of company"""
"Carlos","Advertising Services","""type of company"""
"CARMATEC","IT Services and IT Consulting","""type of company"""
"Carmatec","IT Services and IT Consulting","""type of company"""
"Carmel","Education Administration Programs","""type of company"""
"Carpenter","Construction","""type of company"""
"Cartus","Real Estate","""type of company"""
"Carz","Motor Vehicle Manufacturing","""type of company"""
"Caterpillar","Manufacturer of construction and mining equipment, diesel and natural gas engines, industrial gas turbines and diesel-electric locomotives.","""type of company"""
"Catholic","Religious Institutions","""type of company"""
"CBANX","Financial Services","""type of company"""
"CBIL360","Technology, Information and Internet","""type of company"""
"CBO","Hospitals and Health Care","""type of company"""
"CBRA","Civil Engineering","""type of company"""
"CBrain","IT Services and IT Consulting","""type of company"""
"CBSI","Security and Investigations","""type of company"""
"CCD","IT Services and IT Consulting","""type of company"""
"CCLA","Investment Management","""type of company"""
"CDAT","Industrial Machinery Manufacturing","""type of company"""
"CDE","International Trade and Development","""type of company"""
"CEAA","Research Services","""type of company"""
"CEAT","Aviation and Aerospace Component Manufacturing","""type of company"""
"CEFCU","Banking","""type of company"""
"Celegence","Pharmaceutical Manufacturing","""type of company"""
"Celgene","Pharmaceutical Manufacturing","""type of company"""
"CEMEX","Wholesale Building Materials","""type of company"""
"Cental","Research Services","""type of company"""
"Centric","IT Services and IT Consulting","""type of company"""
"CenturyLink","IT Services and IT Consulting","""type of company"""
"Centurysoft","Software Development","""type of company"""
"CenturySoft","Software Development","""type of company"""
"CEPL","Construction","""type of company"""
"Cerence","Internet Publishing","""type of company"""
"CERTIProf","Education Administration Programs","""type of company"""
"CES","IT Services and IT Consulting","""type of company"""
"Cetpa","Mental Health Care","""type of company"""
"CGcolors","IT Services and IT Consulting","""type of company"""
"changex","Non-profit Organizations","""type of company"""
"Changi","Real Estate","""type of company"""
"Chase","Financial Services","""type of company"""
"Chemicals","IT Services and IT Consulting","""type of company"""
"Chempoint","Chemical Manufacturing","""type of company"""
"CHEP","Transportation, Logistics, Supply Chain and Storage","""type of company"""
"Cherwell","Wholesale","""type of company"""
"Chevy","Technology, Information and Internet","""type of company"""
"Chille","Truck Transportation","""type of company"""
"CHP","Automation Machinery Manufacturing","""type of company"""
"CHRISTIES","Retail Luxury Goods and Jewelry","""type of company"""
"CHRP","Airlines and Aviation","""type of company"""
"Chrysalis","Wellness and Fitness Services","""type of company"""
"CIBC","Banking","""type of company"""
"Ciber","IT Services and IT Consulting","""type of company"""
"Ciena","Telecommunications","""type of company"""
"Cigna","Wellness and Fitness Services","""type of company"""
"CIGNA","Wellness and Fitness Services","""type of company"""
"Cintell","Advertising Services","""type of company"""
"CIOT","Wholesale Building Materials","""type of company"""
"Cipherhut","Financial Services","""type of company"""
"Cipla","Pharmaceutical Manufacturing","""type of company"""
"Citi","Financial Services","""type of company"""
"Citigroup","Financial Services","""type of company"""
"Citius","Telecommunications","""type of company"""
"Citrix","Software Development","""type of company"""
"Civitas","IT Services and IT Consulting","""type of company"""
"Clairvoyant","Computer Networking Products","""type of company"""
"Clariant","Chemical Manufacturing","""type of company"""
"Clark","Advertising Services","""type of company"""
"Clarus","Furniture and Home Furnishings Manufacturing","""type of company"""
"ClassLink","E-Learning Providers","""type of company"""
"Clearstream","Financial Services","""type of company"""
"Cleverex","Staffing and Recruiting","""type of company"""
"Clicksin","IT Services and IT Consulting","""type of company"""
"ClickSoftware","Software Development","""type of company"""
"Clinique","Personal Care Product Manufacturing","""type of company"""
"Clothing","Textile Manufacturing","""type of company"""
"Cloudblitz","Software Development","""type of company"""
"CloudCan","IT Services and IT Consulting","""type of company"""
"CloudCover","Computer and Network Security","""type of company"""
"Cloudera","Software Development","""type of company"""
"CloudPoint","Software Development","""type of company"""
"cloudsolution","Consulting, Virtualisation,Migration to Cloud Services","""type of company"""
"cloudxlab","E-Learning Providers","""type of company"""
"CLOVER","Facilities Services","""type of company"""
"Cluebix","Consumer Services","""type of company"""
"Clydesdale","Construction","""type of company"""
"CLYDESDALE","Construction","""type of company"""
"CMC","Outsourcing and Offshoring Consulting","""type of company"""
"cmex","NORTHAMPTON","""type of company"""
"CMSS","IT Services and IT Consulting","""type of company"""
"CNC","Software Development","""type of company"""
"CNH","Machinery Manufacturing","""type of company"""
"CNN","Broadcast Media Production and Distribution","""type of company"""
"CNSI","IT Services and IT Consulting","""type of company"""
"Coal","Mining","""type of company"""
"Coalnet","Public Policy Offices","""type of company"""
"Cobalt","Advertising Services","""type of company"""
"Cobb","Construction","""type of company"""
"CODEBOARD","E-Learning Providers","""type of company"""
"CodeLeaper","IT Services and IT Consulting","""type of company"""
"Codepix","Technology, Information and Internet","""type of company"""
"CodeScape","Entertainment Providers","""type of company"""
"CodeSchool","E-Learning Providers","""type of company"""
"CODESWORK","IT Services and IT Consulting","""type of company"""
"Codevian","Computers and Electronics Manufacturing","""type of company"""
"Codewave","IT Services and IT Consulting","""type of company"""
"Codeworx","IT Services and IT Consulting","""type of company"""
"Coditas","IT Services and IT Consulting","""type of company"""
"COEPD","IT Services and IT Consulting","""type of company"""
"Cognic","Software Development","""type of company"""
"Cognition","Advertising Services","""type of company"""
"Cognixia","Professional Training and Coaching","""type of company"""
"Cogxim","Appliances, Electrical, and Electronics Manufacturing","""type of company"""
"Coherent","Appliances, Electrical, and Electronics Manufacturing","""type of company"""
"Cohezia","IT Services and IT Consulting","""type of company"""
"Cokonet","IT Services and IT Consulting","""type of company"""
"Colgate","Technology, Information and Internet","""type of company"""
"Collabera","IT Services and IT Consulting","""type of company"""
"CollaberaTact","E-Learning Providers","""type of company"""
"COLLIBRA","Software Development","""type of company"""
"Columbus","Professional Training and Coaching","""type of company"""
"CoMakeIT","Software Development","""type of company"""
"COMAU","Automation Machinery Manufacturing","""type of company"""
"Comcast","Telecommunications","""type of company"""
"Comfisoft","Software Development","""type of company"""
"COMLINK","Telecommunications","""type of company"""
"COMMERCE","Retail","""type of company"""
"Commonwealth","Retail Apparel and Fashion","""type of company"""
"CommScope","Telecommunications","""type of company"""
"Comnet","Computer and Network Security","""type of company"""
"Compana","Mental Health Care","""type of company"""
"COMPANA","Mental Health Care","""type of company"""
"compassites","Consumer Services","""type of company"""
"Compaz","IT Services and IT Consulting","""type of company"""
"Compind","Retail","""type of company"""
"Composoft","Retail","""type of company"""
"Comptel","IT Services and IT Consulting","""type of company"""
"CompuGain","IT Services and IT Consulting","""type of company"""
"CompuSoft","Computer Hardware Manufacturing","""type of company"""
"Computech","Construction","""type of company"""
"ComScore","Technology, Information and Internet","""type of company"""
"Comsense","Translation and Localization","""type of company"""
"Comverse","Telecommunications","""type of company"""
"ConAgra","Farming","""type of company"""
"Concentric","Advertising Services","""type of company"""
"Concentrix","IT Services and IT Consulting","""type of company"""
"Concishare","Hospitality","""type of company"""
"confirmIT","IT Services and IT Consulting","""type of company"""
"Confluxsys","IT Services and IT Consulting","""type of company"""
"Conin","consulting, construction, engineering and design","""type of company"""
"Connex","Telecommunications","""type of company"""
"Connexient","Software Development","""type of company"""
"Connvertex","IT Services and IT Consulting","""type of company"""
"Conscient","Infrastructure, Building, Real estate services and Construction","""type of company"""
"Consortiums","IT Services and IT Consulting","""type of company"""
"Consultech","Computer and Network Security","""type of company"""
"Contactually","Software Development","""type of company"""
"ContentServ","IT Services and IT Consulting","""type of company"""
"Continental","Motor Vehicle Manufacturing","""type of company"""
"Contineo","IT Services and IT Consulting","""type of company"""
"Contingent","Software Development","""type of company"""
"CONTUS","IT Services and IT Consulting","""type of company"""
"Conversion","IT Services and IT Consulting","""type of company"""
"Convexio","Accounting","""type of company"""
"Convirza","Advertising Services","""type of company"""
"Conviva","Technology, Information and Internet","""type of company"""
"Convivial","Design Services","""type of company"""
"Cookie","Technology, Information and Internet","""type of company"""
"Coolsoft","Software Development","""type of company"""
"COOP","Retail ,Wholesale and Production","""type of company"""
"COOPERATION","Human Resources Services","""type of company"""
"Coorgexpress","Travel Arrangements","""type of company"""
"Coors"," Food and Beverage Services","""type of company"""
"Cop","Advertising Services","""type of company"""
"CopperByte","Strategic Management Services","""type of company"""
"Coreflex","IT Services and IT Consulting","""type of company"""
"CoreLogic","Information Services","""type of company"""
"CoreView","Software Development","""type of company"""
"Corex","Accounting","""type of company"""
"Coriolis","Telecommunications","""type of company"""
"CORNEA","Hospitals and Health Care","""type of company"""
"Coserv","Utilities","""type of company"""
"Cosmos","IT Services and IT Consulting","""type of company"""
"Costco","Capital Markets","""type of company"""
"Cotton","Design Services","""type of company"""
"COTY","Personal Care Product Manufacturing","""type of company"""
"counselage","Professional Training and Coaching","""type of company"""
"Counselage","Professional Training and Coaching","""type of company"""
"court","Legal Services","""type of company"""
"Covance","Research Services","""type of company"""
"Covus","Wellness and Fitness Services","""type of company"""
"Cowen","Food and Beverage Services","""type of company"""
"CPS","Hospitals and Health Care","""type of company"""
"Crave","Software Development","""type of company"""
"Creation","Construction","""type of company"""
"Creatiosoft","IT Services and IT Consulting","""type of company"""
"Creative","Book and Periodical Publishing","""type of company"""
"Creato","IT Services and IT Consulting","""type of company"""
"Cred","Consumer Services","""type of company"""
"Credencys","IT Services and IT Consulting","""type of company"""
"CredX","Financial Services","""type of company"""
"Creed","Advertising Services","""type of company"""
"Crescerance","Non-profit Organizations","""type of company"""
"CRESTECH","IT Services and IT Consulting","""type of company"""
"CRG","Business Consulting and Services","""type of company"""
"CRIF","IT Services and IT Consulting","""type of company"""
"CrimsonWorks","Technology, Information and Internet","""type of company"""
"Criticall","IT Services and IT Consulting","""type of company"""
"CRMnext","IT Services and IT Consulting","""type of company"""
"Cronj","IT Services and IT Consulting","""type of company"""
"Crowley","Transportation, Logistics, Supply Chain and Storage","""type of company"""
"CSC","IT Services and IT Consulting","""type of company"""
"CSID","Design Services","""type of company"""
"CSIR","Research Services","""type of company"""
"CSL","Biotechnology Research","""type of company"""
"CSquire","IT Services and IT Consulting","""type of company"""
"CSXT","Truck Transportation","""type of company"""
"CTD","Professional Training and Coaching","""type of company"""
"CTOS","Computer Networking Products","""type of company"""
"Cubedots","Real Estate","""type of company"""
"Cue","Software Development","""type of company"""
"Cumberland","Utilities","""type of company"""
"CWBank","Banking","""type of company"""
"CWS","Software Development","""type of company"""
"CxC","Advertising Services","""type of company"""
"cxLoyalty","Advertising Services","""type of company"""
"Cybercom","IT Services and IT Consulting","""type of company"""
"Cybercops","Technology, Information and Internet","""type of company"""
"cyberindigo","IT Services and IT Consulting","""type of company"""
"Cybernetics","IT Services and IT Consulting","""type of company"""
"cyberoam","IT Services and IT Consulting","""type of company"""
"CyberSoft","IT Services and IT Consulting","""type of company"""
"CyberTech","IT Services and IT Consulting","""type of company"""
"Cybertech","IT Services and IT Consulting","""type of company"""
"CyberWire","Technology, Information and Media","""type of company"""
"Cyclotron","Professional Training and Coaching","""type of company"""
"Cyient","IT Services and IT Consulting","""type of company"""
"Cynosure","Wellness and Fitness Services","""type of company"""
"Cytel","Pharmaceutical Manufacturing","""type of company"""
"Cyxtera","IT Services and IT Consulting","""type of company"""
"DADJ","Musicians","""type of company"""
"DaimlerChrysler","Motor Vehicle Manufacturing","""type of company"""
"Dainik","Retail","""type of company"""
"Damco","Transportation, Logistics, Supply Chain and Storage","""type of company"""
"Damcosoft","IT Services and IT Consulting","""type of company"""
"Danaher","Medical Equipment Manufacturing","""type of company"""
"Databorough","Software Development","""type of company"""
"Datacamp","E-Learning Providers","""type of company"""
"DATACAMP","E-Learning Providers","""type of company"""
"Datacom","IT Services and IT Consulting","""type of company"""
"Datacore","Software Development","""type of company"""
"DataDog","Software Development","""type of company"""
"Datafortune","IT Services and IT Consulting","""type of company"""
"datafoundry","IT Services and IT Consulting","""type of company"""
"DataLex","Software Development","""type of company"""
"DataMate","IT Services and IT Consulting","""type of company"""
"Datamatic","Utilities","""type of company"""
"Datascribe","IT Services and IT Consulting","""type of company"""
"Datasol","Software Development","""type of company"""
"DataStax","Software Development","""type of company"""
"datatech","IT Services and IT Consulting","""type of company"""
"Datatech","IT Services and IT Consulting","""type of company"""
"DataTracks","Financial Services","""type of company"""
"Datavision","IT Services and IT Consulting","""type of company"""
"Dataxis","Market Research","""type of company"""
"Dava","PL19","""type of company"""
"Dayget","Daylesford, Victoria","""type of company"""
"Daymon","Utilities","""type of company"""
"DBG","Advertising Services","""type of company"""
"DCD","Software Development","""type of company"""
"DCIS","Education Administration Programs","""type of company"""
"DCPL","Non-profit Organizations","""type of company"""
"Deers","Advertising Services","""type of company"""
"Deesha","Real Estate","""type of company"""
"Defacto","Education Administration Programs","""type of company"""
"DekaBank","Banking","""type of company"""
"DELHOP","IT Services and IT Consulting","""type of company"""
"Dell","IT Services and IT Consulting","""type of company"""
"Deloitte","Business Consulting and Services","""type of company"""
"Deltathree","Telecommunications","""type of company"""
"Deltek","Software Development","""type of company"""
"Deluxe","IT Services and IT Consulting","""type of company"""
"Denave","Business Consulting and Services","""type of company"""
"Derivco","Software Development","""type of company"""
"Deskera","Software Development","""type of company"""
"Destek","Financial Services","""type of company"""
"Deutschland","Executive Offices","""type of company"""
"Developers","Advertising Services","""type of company"""
"Dezinedge","IT Services and IT Consulting","""type of company"""
"DFPCL","Farming","""type of company"""
"DG-TECH","Construction","""type of company"""
"DHC","Software Development","""type of company"""
"DHFL","Financial Services","""type of company"""
"Dhoom","Anderlecht","""type of company"""
"Diageo","Beverage Manufacturing","""type of company"""
"Dice","Technology, Information and Internet","""type of company"""
"Dido","Software Development","""type of company"""
"DigiPhoto","Golden, Colorado","""type of company"""
"DigiSquire","IT Services and IT Consulting","""type of company"""
"Digital","Musicians","""type of company"""
"DigiXL","NEW DELHI","""type of company"""
"DIMA","IT Services and IT Consulting","""type of company"""
"Dining"," Food and Beverage Services","""type of company"""
"Directiplex","IT Services and IT Consulting","""type of company"""
"DIRECTV","Entertainment Providers","""type of company"""
"DISTA","Technology, Information and Internet","""type of company"""
"DiTech","IT Services and IT Consulting","""type of company"""
"Dixon","Entertainment Providers","""type of company"""
"DIY","E-Learning Providers","""type of company"""
"DNB","Financial Services","""type of company"""
"Docusign","Software Development","""type of company"""
"Dominos"," Food and Beverage Services","""type of company"""
"Domino's","Technology, Information and Internet","""type of company"""
"DOMO","Chemical Manufacturing","""type of company"""
"Doodlefy","Retail Art Supplies","""type of company"""
"DOP","Design Services","""type of company"""
"Dotsquares","IT Services and IT Consulting","""type of company"""
"DOTW","Advertising Services","""type of company"""
"DoubleSpring","IT Services and IT Consulting","""type of company"""
"DRDO","Airlines and Aviation","""type of company"""
"Dreams","Retail","""type of company"""
"Drivedge","IT Services and IT Consulting","""type of company"""
"Drona","IT Services and IT Consulting","""type of company"""
"DSC","Textile Manufacturing","""type of company"""
"DSV","Truck Transportation","""type of company"""
"DTCC","Financial Services","""type of company"""
"Ducat","Telecommunications","""type of company"""
"Dussmann","Facilities Services","""type of company"""
"DWS","IT Services and IT Consulting","""type of company"""
"DXC","IT Services and IT Consulting","""type of company"""
"Dymo","Computers and Electronics Manufacturing","""type of company"""
"DynaTeam","Software Development","""type of company"""
"Dzine","Software Development","""type of company"""
"EagleBurgmann","Industrial Machinery Manufacturing","""type of company"""
"EALTHCARE","Technology, Information and Internet","""type of company"""
"earlysail","IT Services and IT Consulting","""type of company"""
"Eastern","IT Services and IT Consulting","""type of company"""
"EasyJet","Airlines and Aviation","""type of company"""
"Eaton","Appliances, Electrical, and Electronics Manufacturing","""type of company"""
"EazyHMS","IT Services and IT Consulting","""type of company"""
"EBIZ","Technology, Information and Internet","""type of company"""
"eBiz","Technology, Information and Internet","""type of company"""
"EBOS","Retail Luxury Goods and Jewelry","""type of company"""
"eBrandz","Advertising Services","""type of company"""
"EBuy","Oil and Gas","""type of company"""
"ECIL","Software Development","""type of company"""
"eClaims","Eden Prairie, Minnesota","""type of company"""
"Eclerx","IT Services and IT Consulting","""type of company"""
"EclinicalWorks","Software Development","""type of company"""
"ECO","Strategic Management Services","""type of company"""
"EcoAxis","IT Services and IT Consulting","""type of company"""
"ECOLAB","Chemical Manufacturing","""type of company"""
"Ecomnets","Software Development","""type of company"""
"Ecozen","Manufacturing","""type of company"""
"ECTECH","Renewable Energy Semiconductor Manufacturing","""type of company"""
"eDealer","Computers and Electronics Manufacturing","""type of company"""
"EDELMAN","Public Relations and Communications Services","""type of company"""
"Edelweiss","Airlines and Aviation","""type of company"""
"EDELWEISS","Airlines and Aviation","""type of company"""
"EDF","Electric Power Generation","""type of company"""
"Edification","Primary and Secondary Education","""type of company"""
"Ednext","E-Learning Providers","""type of company"""
"EDR","IT Services and IT Consulting","""type of company"""
"EdSystango","Education Administration Programs","""type of company"""
"Educare","E-Learning Providers","""type of company"""
"Educomp","Education Administration Programs","""type of company"""
"EDUISFUN","Consumer Services","""type of company"""
"Eduservices","Education Administration Programs","""type of company"""
"Edutainment","Events Services","""type of company"""
"EduTech","Education Administration Programs","""type of company"""
"Edyoda","E-Learning Providers","""type of company"""
"Effcon","IT Services and IT Consulting","""type of company"""
"EffiaSoft","Software Development","""type of company"""
"EFLI","Truck Transportation","""type of company"""
"EFM","Real Estate","""type of company"""
"EGC","Telecommunications","""type of company"""
"EGS","International Trade and Development","""type of company"""
"EHR","Hospitals and Health Care","""type of company"""
"eInfochips","IT Services and IT Consulting","""type of company"""
"EInfochips","IT Services and IT Consulting","""type of company"""
"EInfoChips","IT Services and IT Consulting","""type of company"""
"Einnovation","Investment Management","""type of company"""
"eInsight","IT Services and IT Consulting","""type of company"""
"EITC","IT Services and IT Consulting","""type of company"""
"Ekal","Human Resources Services","""type of company"""
"EKART","Entertainment Providers","""type of company"""
"eLearning","E-Learning Providers","""type of company"""
"ELECTRO","Computers and Electronics Manufacturing","""type of company"""
"elephant","Construction","""type of company"""
"Elitmus","Consumer Services","""type of company"""
"Elixir","Wellness and Fitness Services","""type of company"""
"Ellai","Software Development","""type of company"""
"Ellelui","Retail","""type of company"""
"Ellicium","Software Development","""type of company"""
"Ellie","Software Development","""type of company"""
"Elliott","Environmental Services","""type of company"""
"Ellipse","Financial Services","""type of company"""
"Elogix","Software Development","""type of company"""
"Emaar","India, A.p","""type of company"""
"eMATRIX","IT Services and IT Consulting","""type of company"""
"Embark","Online Audio and Video Media","""type of company"""
"Emdep","Motor Vehicle Manufacturing","""type of company"""
"eMDs","Architecture and Planning","""type of company"""
"EMPHASYS","IT Services and IT Consulting","""type of company"""
"Emphasys","IT Services and IT Consulting","""type of company"""
"EMPIRIX","Software Development","""type of company"""
"EmSyS","Automation Machinery Manufacturing","""type of company"""
"Emtec","Retail","""type of company"""
"Encodex","IT Services and IT Consulting","""type of company"""
"Encora","Book and Periodical Publishing","""type of company"""
"Encoway","IT Services and IT Consulting","""type of company"""
"Endur","Consulting, Audit, Training, Support, Technical, Upgrades and Test Automation","""type of company"""
"endurance","Insurance","""type of company"""
"Enfini","Renewable Energy Semiconductor Manufacturing","""type of company"""
"eNoah","IT Services and IT Consulting","""type of company"""
"Enosis","Entertainment Providers","""type of company"""
"Enrich","Consumer Services","""type of company"""
"Ensim","Software Development","""type of company"""
"Enspire","E-Learning Providers","""type of company"""
"Entergy","Utilities","""type of company"""
"Enterpi","IT Services and IT Consulting","""type of company"""
"Enthralltech","IT Services and IT Consulting","""type of company"""
"Envestnet","Financial Services","""type of company"""
"Enviro","Environmental Services","""type of company"""
"Enwisen","Software Development","""type of company"""
"Eonian","Consumer Services","""type of company"""
"Epagemaker","Technology, Information and Internet","""type of company"""
"EPDL","Spectator Sports","""type of company"""
"Epic","IT Services and IT Consulting","""type of company"""
"Epicomm","East Rutherford, New Jersey","""type of company"""
"Epicor","Software Development","""type of company"""
"EPIX","Artists and Writers","""type of company"""
"Eppix","Software Development","""type of company"""
"EPSON","Computer Hardware Manufacturing","""type of company"""
"Equatex","Financial Services","""type of company"""
"Equator","Technology, Information and Internet","""type of company"""
"Equibase","Transportation, Logistics, Supply Chain and Storage","""type of company"""
"Equinox","Wellness and Fitness Services","""type of company"""
"Ericson","MARSEILLE","""type of company"""
"Ericsson","IT Services and IT Consulting","""type of company"""
"Esendex","Telecommunications","""type of company"""
"eSense","Advertising Services","""type of company"""
"ESET","Software Development","""type of company"""
"ESIKA","Financial Services","""type of company"""
"eSolutions","IT Services and IT Consulting","""type of company"""
"esolve","Environmental Services","""type of company"""
"ESPL","IT Services and IT Consulting","""type of company"""
"ESPN","Broadcast Media Production and Distribution","""type of company"""
"Esquire","Legal Services","""type of company"""
"ESRI","Software Development","""type of company"""
"Essar","Investment Management","""type of company"""
"Essence","Advertising Services","""type of company"""
"Esteem","Professional Training and Coaching","""type of company"""
"ETeam","IT Services and IT Consulting","""type of company"""
"Eteam","IT Services and IT Consulting","""type of company"""
"E-Technologies","IT Services and IT Consulting","""type of company"""
"Eternus","IT Services and IT Consulting","""type of company"""
"Eth","Biotechnology Research","""type of company"""
"Ethnus","Higher Education","""type of company"""
"Ethosh","Individual and Family Services","""type of company"""
"Etihad","Food and Beverage Manufacturing","""type of company"""
"Etisalat","Telecommunications","""type of company"""
"Etravelsmart","Truck Transportation","""type of company"""
"Eureka","Industrial Machinery Manufacturing","""type of company"""
"Euroclear","Financial Services","""type of company"""
"Eurostar","Travel Arrangements","""type of company"""
"EValueServe","IT Services and IT Consulting","""type of company"""
"Evariant","Hospitals and Health Care","""type of company"""
"Eventbuoy","Events Services","""type of company"""
"eVerifile","Security and Investigations","""type of company"""
"Eversource","Facilities Services","""type of company"""
"Evisipro","Consumer Services","""type of company"""
"Evive","Online Audio and Video Media","""type of company"""
"Evolvu","Primary and Secondary Education","""type of company"""
"EVRY","Software Development","""type of company"""
"EXALEAD","Software Development","""type of company"""
"Excelcom","Computer Networking Products","""type of company"""
"Exela","Outsourcing and Offshoring Consulting","""type of company"""
"Exelon","Utilities","""type of company"""
"Exertion","Software Development","""type of company"""
"Exigen","Transportation, Logistics, Supply Chain and Storage","""type of company"""
"Exilant","IT Services and IT Consulting","""type of company"""
"Exim","IT Services and IT Consulting","""type of company"""
"EXL","Education","""type of company"""
"Exltech","IT Services and IT Consulting","""type of company"""
"Expedite","Graphic Design","""type of company"""
"Experis","Staffing and Recruiting","""type of company"""
"Experitest","IT Services and IT Consulting","""type of company"""
"Exploresys","IT Services and IT Consulting","""type of company"""
"Exports","Wholesale Import and Export","""type of company"""
"Extentia","IT Services and IT Consulting","""type of company"""
"Exuberant","Professional Training and Coaching","""type of company"""
"eZAccess","IT Services and IT Consulting","""type of company"""
"eZAutomation","Automation Machinery Manufacturing","""type of company"""
"EZLynx","IT Services and IT Consulting","""type of company"""
"FabLab","Advertising Services","""type of company"""
"Fabrotech","IT System Training and Support","""type of company"""
"FABTECH","Accounting","""type of company"""
"Falconnect","IT Services and IT Consulting","""type of company"""
"Fareportal","Technology, Information and Internet","""type of company"""
"Fasb","Accounting","""type of company"""
"FAST","Technology, Information and Internet","""type of company"""
"Fastpitch","Spectator Sports","""type of company"""
"Favicon","Design Services","""type of company"""
"FAW","Motor Vehicle Manufacturing","""type of company"""
"FBIS","Restaurants","""type of company"""
"FBN","IT Services and IT Consulting","""type of company"""
"FCG","IT Services and IT Consulting","""type of company"""
"FDL","Wholesale Import and Export","""type of company"""
"FedFina","Financial Services","""type of company"""
"Fenix","Retail","""type of company"""
"FGB","Automation Machinery Manufacturing","""type of company"""
"Fiber","Food and Beverage Services","""type of company"""
"Fidel","Think Tanks","""type of company"""
"Fidelity","Consumer Services","""type of company"""
"","",""
