Accenture,https://in.linkedin.com/company/accenture
Accenture DCN,https://in.linkedin.com/in/srivatsav-naupada-335632125
Ace Computers,https://www.linkedin.com/company/ace-computers
ACI,https://in.linkedin.com/company/aci-worldwide
ACTIS,https://www.linkedin.com/company/actis
Acuminate Consulting,https://in.linkedin.com/in/uday-oak-13511044
Adobe,https://www.linkedin.com/company/adobe
Affinity,https://in.linkedin.com/company/affinity-com
Affinity Express,https://www.linkedin.com/company/affinity-express-inc
Affinity Express,https://www.linkedin.com/company/affinity-express
Agile Technosys,https://in.linkedin.com/company/agile-technosys
Alphonso Informex,https://in.linkedin.com/company/alphonso-informex-pvt-ltd
Alphonso Informex,https://in.linkedin.com/in/alphonso-informex-54aa2197
Altisource,https://www.linkedin.com/company/altisource
Altisource,https://www.linkedin.com/company/alt-ic
Amazon,https://in.linkedin.com/company/amazon
Amdocs,https://in.linkedin.com/company/amdocs
American Express,https://in.linkedin.com/company/american-express
American Express Financial,https://in.linkedin.com/company/american-express
Ameriprise,https://www.linkedin.com/company/ameriprise-financial-services-llc
Aptara,https://www.linkedin.com/company/aptara
Aptara Maximize Learning,https://in.linkedin.com/company/maximize-learning
Aptara Maximize Learning,https://www.linkedin.com/company/aptara
aptaracorp,https://www.linkedin.com/company/aptara
Argos,https://www.linkedin.com/company/argos-uk
Asurion,https://www.linkedin.com/company/asurion
Atharva Softwares,https://in.linkedin.com/company/atharvasystem
ATMT,https://www.linkedin.com/company/atmtgroup
ATMT,https://in.linkedin.com/company/atmt-pro
ATP Electronics,https://www.linkedin.com/company/atp-electronics
Barclays,https://www.linkedin.com/company/barclays-bank
Barclays,https://www.linkedin.com/company/barclays-bank/jobs
